Genes,Uniprot_ID,Sol
thrB,P00547,0.32
thrC,P00934,0.18
yaaX,P75616,0.78
yaaA,P0A8I3,0.07
talB,P0A870,0.85
mog,P0AF03,0.89
htgA,P28697,0.46
yaaI,P28696,0.59
dnaK,P0A6Y8,1.16
dnaJ,P08622,0.52
hokC,P0ACG4,0.32
nhaR,P0A9G2,0.13
rpsT,P0A7U7,1.03
ribF,P0AG40,0.42
lspA,P00804,0.06
fkpB,P0AEM0,1.1
ispH,P62623,0.75
rihC,P22564,0.57
dapB,P04036,0.94
carA,P0A6F1,0.6
caiF,P0AE58,0.63
caiE,P39206,0.19
caiD,P31551,0.15
caiB,P31572,0.55
caiA,P60584,0.41
fixA,P60566,0.78
fixB,P31574,0.53
fixC,P68644,0.36
fixX,P68646,0.83
kefF,P0A754,0.34
folA,P0ABQ4,0.81
apaH,P05637,0.27
apaG,P62672,0.67
pdxA,P19624,0.95
surA,P0ABZ6,0.86
djlA,P31680,0.12
yabP,P39220,0.33
rluA,P0AA37,0.44
hepA,P60240,0.38
araD,P08203,0.81
araA,P08202,0.08
araB,P08204,0.3
araC,P0A9E0,0.28
yabI,P30149,0.18
thiQ,P31548,0.09
thiP,P31549,0.11
tbpA,P31550,0.22
sgrR,P33595,0.08
leuD,P30126,0.93
leuC,P0A6A6,0.7
leuB,P30125,0.58
leuA,P09151,0.1
leuO,P10151,0.08
ilvI,P00893,0.03
ilvH,P00894,0.15
mraZ,P22186,0.79
mraW,P60390,0.66
ftsL,P0AEN4,0.25
ftsI,P0AD68,0.22
murE,P22188,0.35
murF,P11880,0.59
murD,P14900,0.68
murG,P17443,0.49
murC,P17952,0.77
ddlB,P07862,0.97
ftsQ,P06136,0.24
ftsA,P0ABH0,0.85
ftsZ,P0A9A6,0.8
lpxC,P0A725,0.17
secA,P10408,0.58
mutT,P08337,1.08
yacG,P0A8H8,0.92
yacF,P36680,0.8
coaE,P0A6I9,0.64
hofB,P36645,0.17
ppdD,P36647,0.1
ampD,P13016,0.6
ampE,P0AE14,0.03
pdhR,P0ACL9,0.04
aceE,P0AFG8,0.16
aceF,P06959,0.95
lpd,P0A9P0,0.79
yacH,P36682,0.13
acnB,P36683,0.9
yacL,P0A8E5,0.83
speD,P0A7F6,0.36
speE,P09158,0.28
yacC,P0AA95,0.22
cueO,P36649,0.06
gcd,P15877,0.19
ligT,P37025,0.79
can,P61517,0.48
yadG,P36879,0.06
yadH,P0AFN6,0.05
yadI,P36881,0.18
yadE,P31666,0.12
panD,P0A790,0.75
yadD,P31665,0.22
panC,P31663,0.52
panB,P31057,0.44
yadC,P31058,0.15
yadK,P37016,0.41
yadL,P37017,0.24
yadM,P37018,0.26
htrE,P33129,0.09
yadN,P37050,0.77
folK,P26281,0.67
pcnB,P0ABF1,0.23
dksA,P0ABS1,0.73
sfsA,P0A823,0.2
hrpB,P37024,0.04
fhuA,P06971,0.07
fhuC,P07821,0.46
hemL,P23893,0.33
clcA,P37019,0.38
yadR,P0ACC3,0.84
pfs,P0AF12,1.06
dgt,P15723,0.04
degP,P0C0V0,0.31
cdaR,P37047,0.09
yaeH,P62768,0.93
yaeI,P37049,0.06
dapD,P0A9D8,0.41
map,P0AE18,0.64
rpsB,P0A7V0,0.77
tsf,P0A6P1,0.87
pyrH,P0A7E9,0.31
frr,P0A805,1.1
ispU,P60472,0.67
yaeL,P0AEH1,0.16
yaeT,P0A940,0.32
hlpA,P0AEU7,0.49
lpxD,P21645,0.48
fabZ,P0A6Q6,0.28
lpxA,P0A722,0.22
lpxB,P10441,0.47
rnhB,P10442,0.6
dnaE,P10443,0.32
accA,P0ABD5,0.29
ldcC,P52095,0.06
yaeR,P52096,0.82
tilS,P52097,0.33
rof,P0AFW8,1.14
yaeP,P0A8K5,1.09
yaeQ,P0AA97,0.77
yaeJ,P40711,1.09
nlpE,P40710,1.13
yaeF,P37056,0.51
proS,P16659,0.17
yaeB,P28634,0.86
rcsF,P69411,0.82
metQ,P28635,0.86
metN,P30750,0.23
gmhB,P63228,0.93
dkgB,P30863,0.79
yafC,P30864,0.08
yafD,P0A8U2,0.1
mltD,P0AEZ7,0.29
gloB,P0AC84,0.8
rnhA,P0A7Y4,0.73
dnaQ,P03007,0.13
yafT,P77339,0.61
yafV,Q47679,0.44
ivy,P0AD59,0.27
lpcA,P63224,0.92
yafJ,Q47147,0.33
yafK,P0AA99,0.26
yafQ,Q47149,1.07
dinJ,Q47150,0.83
yafL,Q47151,0.35
yafM,Q47152,0.47
mbhA,Q47154,0.74
fhiA,Q47153,0.09
dinB,Q47155,0.26
yafO,Q47157,0.16
yafP,Q47158,0.77
pepD,P15288,0.88
frsA,P04335,0.13
crl,P24251,0.87
phoE,P02932,0.03
proB,P0A7B5,0.88
proA,P07004,1.19
ykfI,P77692,0.29
yafW,Q47684,0.14
ykfG,Q47685,0.28
yafX,P75676,0.94
ykfF,P75677,0.87
ykfB,P77162,0.6
yafY,P77365,0.27
yafZ,P77206,0.09
ykfA,P75678,0.32
perR,Q57083,0.1
insO,P75680,0.13
ykfC,Q47688,0.21
mmuM,Q47690,0.98
afuC,P37009,0.42
afuB,P75681,0.31
ykgN,Q79E92,0.12
yagB,P37008,0.06
yagA,P37007,0.02
yagE,P75682,0.51
argF,P06960,0.09
yagK,P77657,0.94
yagL,P77607,0.14
yagM,P71296,0.21
yagP,P75684,0.19
yagQ,P77183,0.16
yagR,P77489,0.28
yagS,P77324,0.15
yagT,P77165,0.89
yagU,P0AAA1,0.44
ykgJ,P0AAL9,0.33
yagV,P77263,0.18
yagW,P77694,0.02
yagY,P77188,0.26
yagZ,P0AAA3,0.35
ykgM,P0A7N1,0.72
eaeH,P36943,0.05
ykgA,P77601,0.14
ykgC,P77212,0.47
ykgD,P77379,0.14
ykgE,P77252,0.1
ykgG,P77433,0.81
betA,P17444,0.09
betB,P17445,0.34
betI,P17446,0.19
yahA,P21514,0.26
yahB,P77700,0.02
yahD,P77736,0.33
yahE,P77297,0.06
yahG,P77221,0.31
yahI,P77624,0.83
yahJ,P77554,0.12
yahK,P75691,0.74
yahN,P75693,0.45
yahO,P75694,0.86
prpR,P77743,0.15
prpB,P77541,0.34
prpC,P31660,0.93
prpD,P77243,0.1
prpE,P77495,0.14
codA,P25524,0.11
cynT,P0ABE9,0.47
cynS,P00816,0.52
lacZ,P00722,0.42
lacI,P03023,0.32
mhpR,P77569,0.05
mhpA,P77397,0.07
mhpB,P0ABR9,0.08
mhpC,P77044,0.17
mhpD,P77608,0.75
mhpF,P77580,0.58
mhpE,P51020,0.1
yaiL,P51024,0.81
frmB,P51025,0.06
frmA,P25437,0.71
frmR,P0AAP3,0.92
yaiO,Q47534,0.06
yaiX,P75697,0.37
yaiP,Q47536,0.39
yaiS,P71311,0.88
tauB,Q47538,0.1
tauC,Q47539,0.1
tauD,P37610,0.39
hemB,P0ACB2,0.07
yaiT,P77199,0.55
yaiV,P0AAP5,0.52
ampH,P0AD70,0.41
yaiW,P77562,0.1
yaiY,P0AAP7,0.4
yaiZ,P0AAQ0,0.72
ddlA,P0A6J8,0.92
yaiB,P0AAN9,0.84
phoA,P00634,0.78
psiF,P0AFM4,0.44
yaiC,P0AAP1,0.23
proC,P0A9L8,1.0
yaiI,P0A8D3,0.8
aroL,P0A6E1,0.91
aroM,P0AE28,1.09
yaiE,P0C037,1.07
ykiA,P75704,1.13
rdgC,P36767,0.8
mak,P23917,0.09
sbcC,P13458,0.12
phoR,P08400,0.13
malZ,P21517,0.15
yajB,P21515,0.14
queA,P0A7F9,0.89
tgt,P0A847,0.17
yajC,P0ADZ7,0.41
secD,P0AG90,0.36
yajD,P0AAQ2,1.08
tsx,P0A927,0.0
yajI,P46122,0.88
ybaD,P0A8D0,1.07
ribD,P25539,0.36
nusB,P0A780,0.97
thiL,P0AGG0,0.8
pgpA,P18200,0.23
yajO,P77735,0.05
dxs,P77488,0.22
ispA,P22939,0.85
yajL,Q46948,0.56
yajQ,P0A8E7,0.97
panE,P0A9J4,0.31
cyoA,P0ABJ1,0.19
bolA,P0ABE2,0.81
tig,P0A850,0.88
clpX,P0A6H1,0.7
lon,P0A9M0,0.82
ppiD,P0ADY1,0.53
ybaX,P77756,1.05
ybaE,P46890,0.07
cof,P46891,0.32
ybaO,P0ACJ5,0.17
mdlB,P0AAG5,0.07
glnK,P0AC55,0.41
tesB,P0AGG2,0.24
ybaZ,P0AFP2,0.94
ybaA,P0AAQ6,1.05
ylaB,P77473,0.09
ylaC,P0AAS0,0.61
maa,P77791,0.2
hha,P0ACE3,0.99
ybaJ,P0AAR0,0.76
acrA,P0AE06,0.65
acrR,P0ACS9,0.52
priC,P23862,0.78
ybaN,P0AAR5,0.16
apt,P69503,0.89
ybaB,P0A8B5,0.83
recR,P0A7H6,0.84
htpG,P0A6Z3,1.09
adk,P69441,1.05
hemH,P23871,0.16
aes,P23872,0.34
gsk,P0AEW6,0.85
ybaL,P39830,0.37
ushA,P07024,0.77
ybaK,P0AAR3,1.0
ybaP,P77301,0.43
ybaQ,P0A9T6,0.81
copA,Q59385,0.21
ybaS,P77454,0.56
cueR,P0A9G4,0.66
ybbJ,P0AAS3,0.12
ybbK,P0AA53,0.14
ybbL,P77279,0.43
ybbM,P77307,0.27
ybbN,P77395,0.75
ybbA,P0A9T8,1.03
tesA,P0ADA1,0.41
ybbP,P77504,0.76
ybbC,P33668,0.49
ylbH,P77759,0.23
ybbD,P33669,0.46
ybbB,P33667,0.07
ybbS,P0ACR0,0.03
allA,P77731,0.96
allR,P0ACN4,0.2
gcl,P0AEP7,0.05
hyi,P30147,0.23
glxR,P77161,0.72
allB,P77671,1.07
glxK,P77364,0.74
allC,P77425,0.25
allD,P77555,0.26
fdrA,Q47208,0.57
ylbF,P0AAS5,0.1
ybcF,P37306,0.16
purK,P09029,0.42
purE,P0AG18,1.05
lpxH,P43341,0.21
ppiB,P23869,0.64
cysS,P21888,0.4
ybcI,P45570,0.05
folD,P24186,0.44
sfmA,P0ABW5,0.83
sfmC,P77249,0.28
sfmH,P75715,0.17
sfmF,P38052,0.65
fimZ,P0AEL8,0.32
intD,P24218,0.28
ybcC,P75717,0.07
emrE,P23895,0.07
ybcK,P77698,0.12
ybcL,P77368,0.49
ybcN,Q47269,0.65
ybcO,P68661,0.98
rusA,P0AG74,0.76
ybcQ,Q47274,0.27
nmpC,P21420,0.11
essD,P0A9R2,0.15
borD,P77330,0.33
nohB,P31062,0.4
tfaD,P77699,0.87
ompT,P09169,0.04
envY,P10805,0.25
ybcH,P37325,0.27
nfrA,P31600,0.04
nfrB,P0AFA5,0.07
cusS,P77485,0.16
cusR,P0ACZ8,0.79
cusC,P77211,0.28
cusB,P77239,0.56
ybdG,P0AAT4,0.11
nfnB,P38489,0.87
ybdF,P0AAT2,0.7
ybdK,P77213,0.09
hokE,P77091,0.52
ynfO,Q2EES0,0.78
entD,P19925,0.36
fepA,P05825,0.11
fes,P13039,0.1
entF,P11454,0.21
fepE,P26266,0.34
fepC,P23878,0.18
fepB,P0AEL6,0.3
yeiS,P64536,0.57
entC,P0AEJ2,0.44
entE,P10378,0.88
entB,P0ADI4,0.66
entA,P15047,0.63
ybdB,P0A8Y8,0.8
ybdH,P45579,0.16
ybdL,P77806,0.09
ybdM,P77174,0.71
ybdN,P77216,0.19
ybdO,P77746,0.12
dsbG,P77202,0.51
ahpC,P0AE08,0.9
ahpF,P35340,0.76
uspG,P39177,0.86
ybdR,P77316,0.2
rnk,P0AFW4,0.95
rna,P21338,0.32
citG,P77231,0.06
citF,P75726,0.37
citE,P0A9I1,0.21
citD,P69330,0.79
citC,P77390,0.85
citB,P0AEF4,0.88
crcA,P37001,0.09
crcB,P37002,0.2
ybeM,P0DP64,0.18
tatE,P0A843,1.27
lipA,P60716,0.09
ybeF,P30979,0.19
lipB,P60720,0.52
ybeD,P0A8J4,1.0
dacA,P0AEB2,0.08
mrdA,P0AD65,0.08
ybeA,P0A8I8,0.17
ybeB,P0AAT6,0.95
cobC,P52086,0.35
nadD,P0A752,0.89
holA,P28630,0.35
rlpB,P0ADC1,0.81
leuS,P07813,0.93
ybeL,P0AAT9,0.96
ybeQ,P77234,0.27
ybeR,P77627,0.12
djlB,P77381,0.64
ybeT,P77296,0.49
ybeU,P77427,0.12
hscC,P77319,0.74
rihA,P41409,0.81
gltL,P0AAG3,0.43
gltI,P37902,0.94
lnt,P23930,0.03
ybeX,P0AE78,0.97
ybeY,P0A898,1.15
ybeZ,P0A9K3,0.62
yobH,Q2MB16,0.58
ubiF,P75728,0.14
nagD,P0AF24,0.07
nagC,P0AF20,0.38
nagA,P0AF18,0.79
nagB,P0A759,0.28
nagE,P09323,0.02
glnS,P00962,0.3
ybfM,P75733,0.01
ybfN,P75734,0.78
fur,P0A9A9,1.1
fldA,P61949,0.99
ybfE,P0AAU7,1.03
ybfF,P75736,0.33
seqA,P0AFY8,0.13
pgm,P36938,0.73
speF,P24169,0.22
kdpE,P21866,0.78
kdpD,P21865,0.23
kdpC,P03961,0.18
kdpB,P03960,0.08
kdpA,P03959,0.1
kdpF,P36937,0.29
ybfA,P0AAU2,0.13
ybfB,P0AAU5,0.35
ybfO,P77779,0.08
ybfC,P28915,0.48
ybfQ,Q2EEQ8,0.58
ybfL,P75741,0.16
ybfD,P28916,0.23
ybgA,P24252,0.23
phr,P00914,0.02
ybgI,P0AFP6,0.13
ybgJ,P0AAV4,0.19
ybgK,P75745,0.07
ybgL,P75746,0.11
nei,P50465,0.93
ybgO,P75748,0.53
ybgP,P75749,0.19
ybgQ,P75750,0.11
gltA,P0ABH7,0.22
sdhC,P69054,0.43
sdhD,P0AC44,0.44
sdhA,P0AC41,0.1
sdhB,P07014,0.34
sucA,P0AFG3,0.07
sucB,P0AFG6,1.22
sucC,P0A836,0.68
sucD,P0AGE9,0.7
mngA,P54745,0.38
mngB,P54746,0.04
ybgE,P0AAV0,0.27
ybgC,P0A8Z3,0.7
tolQ,P0ABU9,0.09
tolR,P0ABV6,0.24
tolA,P19934,0.51
tolB,P0A855,0.32
pal,P0A912,0.81
ybgF,P45955,0.2
nadA,P11458,0.35
aroG,P0AB91,1.0
gpmA,P62707,1.03
galM,P0A9C3,1.05
galK,P0A6T3,0.8
galT,P09148,0.61
galE,P09147,0.1
modF,P31060,0.34
modE,P0A9G8,1.15
ybhT,P0AAW9,0.29
modA,P37329,0.99
modB,P0AF01,0.2
ybhA,P21829,0.06
ybhE,P52697,0.85
ybhH,P0AAV8,0.7
ybhJ,P75764,0.12
ybhC,P46130,0.71
ybhB,P12994,1.12
bioA,P12995,0.22
bioB,P12996,0.59
bioF,P12998,0.03
bioC,P12999,0.06
bioD,P13000,0.27
uvrB,P0A8F8,0.22
ybhK,P75767,0.3
moaA,P30745,0.05
moaB,P0AEZ9,1.05
moaC,P0A738,0.87
moaE,P30749,0.84
ybhM,P75769,0.67
ybhO,P0AA84,0.27
ybhP,P0AAW1,0.14
ybhS,P0AFQ2,0.08
ybhF,P0A9U1,0.42
ybhG,P75777,0.32
ybiH,P0ACU0,0.97
rhlE,P25888,0.63
ybiA,P30176,0.83
dinG,P27296,0.05
ybiB,P30177,0.08
ybiC,P30178,0.11
ybiI,P41039,1.05
ybiX,P75779,0.12
fiu,P75780,0.11
ybiN,P75782,0.36
ybiO,P75783,0.22
glnQ,P10346,0.97
glnH,P0AEQ3,0.62
dps,P0ABT2,0.44
ompX,P0A917,0.14
ybiP,P75785,0.07
ybiS,P0AAX8,0.41
ybiT,P0A9U3,0.43
ybiU,P75791,0.28
ybiV,P75792,0.77
ybiW,P75793,0.39
ybiY,P75794,0.49
fsaA,P78055,0.15
moeB,P12282,0.78
moeA,P12281,0.65
iaaA,P37595,0.52
yliB,P75797,0.4
yliC,P75798,0.03
yliD,P75799,0.1
yliE,P75800,0.04
yliF,P75801,0.1
yliG,P0AEI4,0.73
yliH,P0AAY1,0.52
yliI,P75804,0.22
yliJ,P0ACA7,0.16
dacC,P08506,0.21
deoR,P0ACK5,0.29
ybjG,P75806,0.09
ybjH,P0AAY4,0.1
ybjI,P75809,0.6
ybjC,P46119,0.46
nfsA,P17117,0.77
rimK,P0C0U4,0.12
ybjN,P0AAY6,0.84
potF,P31133,0.62
potG,P31134,0.11
ybjO,P0AAZ0,0.33
rumB,P75817,0.16
artJ,P30860,0.73
artQ,P0AE34,0.26
artI,P30859,0.77
artP,P0AAF6,0.27
ybjP,P75818,0.7
ybjQ,P0A8C1,0.64
ybjR,P75820,0.19
ybjS,P75821,0.07
ybjT,P75822,0.19
ltaE,P75823,0.1
poxB,P07003,0.2
hcr,P75824,0.46
hcp,P75825,1.09
ybjD,P75828,0.03
ybjX,P75829,0.21
macA,P75830,0.45
macB,P75831,0.17
clpS,P0A8Q6,0.63
clpA,P0ABH9,0.61
infA,P69222,0.94
aat,P0A8P1,0.08
cydC,P23886,0.1
trxB,P0A9P4,1.05
lrp,P0ACJ0,0.37
ftsK,P46889,0.15
lolA,P61316,0.71
ycaJ,P0AAZ4,0.92
serS,P0A8L1,0.28
dmsA,P18775,0.23
dmsB,P18776,0.28
ycaC,P21367,0.51
ycaN,P75836,0.15
ycaK,P43340,0.96
pflA,P0A9N4,0.95
pflB,P09373,0.31
ygaQ,P76616,0.89
ycaP,P75839,0.27
serC,P23721,0.17
aroA,P0A6D3,0.61
ycaL,P43674,0.24
cmk,P0A6I0,0.86
rpsA,P0AG67,0.87
ihfB,P0A6Y1,0.23
msbA,P60752,0.12
lpxK,P27300,0.31
ycaQ,P75843,0.06
kdsB,P04951,1.15
ycbJ,P0AB03,0.23
ycbC,P0AB01,0.25
mukF,P60293,0.76
mukE,P22524,0.86
ycbB,P22525,0.64
ycbK,P0AB06,0.11
ompF,P02931,0.18
asnS,P0A8M0,0.7
pncB,P18133,0.32
pepN,P04825,1.02
ssuB,P0AAI1,0.24
ssuC,P75851,0.07
ssuA,P75853,0.76
ycbQ,P75855,0.86
ycbR,P75856,0.29
ycbS,P75857,0.07
ycbT,P75858,0.32
ycbU,P75859,0.41
ycbV,P75860,0.47
ycbF,P40876,0.19
pyrD,P0A7E1,0.13
ycbW,P75862,0.38
ycbX,P75863,0.35
ycbY,P75864,0.22
ymbA,P0AB10,0.82
fabA,P0A6Q3,0.66
yoeF,Q2EES3,0.14
ycbG,P0A8N0,0.92
ompA,P0A910,0.11
sulA,P0AFZ5,0.61
yccR,P75869,0.33
mgsA,P0A731,1.12
yccT,P0A8X4,0.6
yccU,P75874,1.38
yccX,P0AB65,1.03
yccK,P0AB18,0.81
hyaA,P69739,0.38
hyaB,P0ACD8,0.09
hyaD,P19930,0.74
hyaE,P19931,1.0
hyaF,P19932,0.95
appA,P07102,0.66
yccC,P38134,0.41
etp,P0ACZ2,0.14
yccZ,P0A932,0.6
ymcB,P75883,0.42
ymcC,P75884,0.37
ymcD,P75885,1.14
ygeO,Q46795,0.1
cspH,P0A982,1.03
ymcE,P0AAA5,1.0
yccM,P52636,0.13
torS,P39453,0.13
torT,P38683,0.13
torR,P38684,0.78
torC,P33226,0.43
torA,P33225,0.09
torD,P36662,1.33
cbpM,P63264,0.36
cbpA,P36659,0.61
yccE,P36661,0.48
agp,P19926,0.62
wrbA,P0A8G6,0.77
ymdF,P56614,0.91
ycdH,P75893,0.16
ycdI,P75894,0.1
rarA,P75895,0.17
ycdK,P0AFQ5,0.38
ycdL,P75897,0.47
ycdM,P75898,0.26
ycdC,P0ACU2,0.8
ycdO,P0AB24,0.43
ycdB,P31545,0.34
phoH,P0A9K1,0.21
ycdP,P69432,0.1
ycdQ,P75905,0.18
ygeM,Q46793,0.72
ycdR,P75906,0.15
ycdS,P69434,0.07
ymdE,Q7DFV4,0.21
ycdW,P75913,0.31
ycdX,P75914,1.0
ycdY,P75915,0.9
csgG,P0AEA2,0.44
csgF,P0AE98,0.3
csgE,P0AE95,0.15
csgD,P52106,0.2
csgA,P28307,0.67
csgC,P52107,0.69
ymdA,P75917,0.37
ymdB,P0A8D6,0.82
ymdC,P75919,0.22
mdoG,P33136,0.24
dgoA,Q6BF16,0.32
mdoH,P62517,0.04
msyB,P25738,0.91
lpxL,P0ACV0,0.12
yceI,P0A8X2,0.69
yceJ,P75925,0.11
miaB,P0AEI1,0.71
ygcI,Q46898,0.15
rluD,P33643,0.34
ydeW,P76141,0.19
yaaW,P75617,0.64
yeeZ,P0AD12,0.39
yfeU,P76535,0.63
yfgM,P76576,0.5
pbpC,P76577,0.09
nrdE,P39452,0.08
ypfI,P76562,0.06
mdlA,P77265,0.09
puuA,P78061,0.6
uxaC,P0A8G3,0.08
ycjX,P76046,0.05
hipA,P23874,0.04
yfcY,P76503,0.09
yciW,P76035,0.1
yphH,P76586,0.21
intQ,P76168,0.18
yceG,P28306,0.17
paaX,P76086,0.13
ysgA,P56262,0.91
yqeI,Q46942,0.15
yciT,P76034,0.37
yehC,P33342,0.44
srlE,P56580,0.18
ykgH,P77180,0.25
glcE,P52073,0.1
ybcY,P77460,0.24
ubiB,P0A6A0,0.18
ynjA,P76222,0.41
yfgC,P66948,0.11
yceQ,P62066,0.21
yecT,P76296,0.31
ybcS,P78285,0.77
ybfP,P75737,0.52
yzcX,P11291,0.27
rzpD,P75719,0.29
ygiT,Q46864,0.46
yegR,P76406,0.55
ybjM,P64439,0.53
yfgD,P76569,1.0
yafU,P77354,0.73
fhuE,P16869,0.01
mfd,P30958,0.67
ycgV,P76017,0.17
narG,P09152,0.3
adhE,P0A9Q7,0.46
acnA,P25516,0.41
recE,P15032,0.51
stfR,P76072,0.68
ydbK,P52647,0.17
ydbH,P52645,0.13
tynA,P46883,0.97
maoC,P77455,0.08
ydbD,P25907,0.28
yncD,P76115,0.03
rhsE,P24211,0.01
dos,P76129,0.11
pqqL,P31828,0.38
yddB,P31827,0.03
ydeP,P77561,0.08
ynfE,P77374,0.21
ynfF,P77783,0.1
ydhV,P76192,0.29
ydiJ,P77748,0.03
pps,P23538,0.49
pheT,P07395,0.8
katE,P21179,0.43
yebT,P76272,0.31
ptrB,P24555,0.02
torZ,P46923,0.33
flhA,P76298,0.14
flu,P39180,0.33
wzc,P76387,0.2
flgK,P33235,0.44
treA,P13482,0.7
dhaR,P76016,0.09
narX,P0AFA2,0.44
oppA,P23843,0.74
trpD,P00904,0.23
rnb,P30850,0.49
sapA,Q47622,0.31
ycjM,P76041,0.06
ynbC,P76092,0.13
trg,P05704,0.34
mdoD,P40120,0.61
ydcP,P76104,0.13
sfcA,P26616,0.09
ddpA,P76128,0.62
ydeN,P77318,0.57
ydeV,P77432,0.06
dcp,P24171,0.43
fumA,P0AC33,0.37
uidA,P05804,0.46
malX,P19642,0.06
ydhS,P77148,0.52
thrS,P0A8M3,0.23
sppA,P08395,0.14
yeaG,P0ACY3,0.52
fadD,P69451,0.37
yoaA,P76257,0.12
yoaD,P76261,0.13
edd,P0ADF6,0.45
aspS,P21889,0.82
argS,P11875,0.24
tap,P07018,0.05
tar,P07017,0.74
cheA,P07363,0.89
uvrC,P0A8G0,0.17
fliF,P25798,0.55
yedQ,P76330,0.12
yegH,P76389,0.17
asmA,P28249,0.7
solA,P40874,0.73
pyrC,P05020,0.04
flgE,P75937,1.06
flgI,P0A6S3,0.64
flgL,P29744,0.35
rluC,P0AA39,0.63
plsX,P27247,0.15
fabH,P0A6R0,0.92
fabF,P0AAI5,0.08
holB,P28631,0.38
ptsG,P69786,0.03
nagZ,P75949,0.12
ndh,P00393,0.36
ycfS,P75954,0.63
lolC,P0ADC3,0.3
lolE,P75958,0.2
potA,P69874,0.94
pepT,P29745,0.78
ycfD,P27431,0.81
phoQ,P23837,0.2
purB,P0AB89,0.74
trmU,P25745,0.68
icd,P08200,0.96
intE,P75969,0.24
ymfN,P75978,0.18
ycgF,P75990,0.2
umuC,P04152,0.03
ycgB,P29013,0.03
dadA,P0A6J5,0.12
dadX,P29012,0.03
dhaH,P37349,0.74
dhaK,P76015,0.75
ychF,P0ABU2,0.63
hemA,P0A6X1,0.23
ychP,P39165,0.07
narH,P11349,0.13
rssB,P0AEV1,0.79
oppD,P76027,0.18
oppF,P77737,0.18
cls,P0A6H8,0.04
trpB,P0A879,0.42
trpC,P00909,0.19
trpE,P00895,0.66
sohB,P0AG14,0.09
cysB,P0A9F3,0.08
yciM,P0AB58,0.09
sapD,P0AAH4,0.22
sapB,P0AGH3,0.09
puuC,P23883,0.15
puuB,P37906,0.12
puuE,P50457,0.42
pspF,P37344,0.37
ycjN,P76042,0.67
ycjQ,P76043,0.09
ycjS,P77503,0.13
ycjV,P77481,0.11
ycjW,P77615,0.85
ycjF,P0A8R7,0.11
tyrR,P07604,0.47
ycjG,P51981,0.2
mppA,P77348,0.32
ynaI,P0AEB5,0.15
uspE,P0AAC0,0.73
abgB,P76052,0.49
abgA,P77357,0.31
ydaM,P77302,0.26
ydaN,P64423,0.82
dbpA,P21693,0.13
intR,P76056,0.35
ynaA,P77658,0.7
ompN,P77747,0.1
ldhA,P52643,0.72
feaB,P80668,0.11
paaE,P76081,0.21
paaH,P76083,0.07
paaJ,P0C7L2,0.18
aldA,P25553,0.53
ydcI,P77171,0.12
ydcJ,P76097,0.16
ydcK,P76100,0.19
ydcM,P76102,0.57
ydcR,P77730,0.25
ydcS,P76108,0.16
ydcT,P77795,0.26
ydcW,P77674,0.2
yncE,P76116,0.65
ydcC,P28917,0.24
narY,P19318,0.14
adhP,P39451,0.87
ddpD,P77268,0.23
yddV,P0AA89,0.21
yddW,P64426,0.62
gadB,P69910,0.15
ydeM,P76134,0.07
ydeT,P76137,0.03
ydeU,P77286,0.04
ego,P77257,0.17
lsrB,P76142,0.76
uxaB,P0A6L7,0.8
yneI,P76149,0.56
yneK,P76150,0.25
ydfI,P77260,0.13
stfQ,P77515,0.12
rspB,P38105,0.95
rspA,P38104,0.04
clcB,P76175,0.39
dgsA,P50456,0.18
pntA,P07001,1.11
rstB,P18392,0.54
fumC,P05042,0.65
manA,P00946,0.66
ydgA,P77804,0.26
uidC,Q47706,0.04
malI,P18811,0.11
malY,P23256,0.18
add,P22333,0.15
tyrS,P0AGJ9,0.63
ydhH,P77570,0.56
nemA,P77258,0.82
cfa,P0A9H7,0.27
ydhQ,P77552,1.06
pykF,P0AD61,1.09
ynhG,P76193,0.23
sufS,P77444,0.11
sufD,P77689,0.37
sufB,P77522,0.43
ydiF,P37766,0.34
tolC,P02930,0.16
ydiS,P77337,0.44
aroH,P00887,0.12
ydiU,P77649,0.01
pheS,P08312,0.12
ydjN,P77529,0.09
chbF,P17411,0.24
chbC,P17334,0.05
astB,P76216,0.11
astD,P76217,0.54
astA,P0AE37,0.12
astC,P77581,0.29
ynjB,P76223,0.7
ynjE,P78067,0.41
gdhA,P00370,0.22
ynjI,P76228,0.05
selD,P16456,0.62
ansA,P0A962,0.86
ydjG,P77256,0.1
ydjH,P77493,0.63
ydjJ,P77280,0.77
ydjL,P77539,0.38
gapA,P0A9B2,0.73
yeaJ,P76237,0.16
yeaP,P76245,0.4
yeaU,P76251,0.11
yeaW,P0ABR7,1.08
yeaX,P76254,0.71
rnd,P09155,0.19
pabB,P05041,0.82
sdaA,P16095,0.71
yoaE,P0AEC0,0.11
manX,P69797,0.94
yebU,P76273,0.49
purT,P33221,0.47
zwf,P0AC53,0.67
pykA,P21599,0.44
lpxM,P24205,0.17
yebA,P0AFS9,0.34
znuA,P39172,0.85
ruvB,P0A812,0.31
yecP,P76291,0.04
torY,P52005,0.45
cheB,P07330,0.09
otsA,P31677,0.3
araG,P0AAF3,0.38
araF,P02924,0.87
yedO,P76316,0.1
fliC,P04949,0.8
fliD,P24216,0.94
amyA,P26612,0.69
fliG,P0ABZ1,0.81
fliI,P52612,0.13
fliK,P52614,0.97
fliM,P06974,0.58
dcm,P0AED9,0.43
yedV,P76339,0.13
yedY,P76342,0.07
shiA,P76350,0.04
amn,P0AE12,0.37
cobT,P36562,0.52
yeeR,P76361,0.1
yeeA,P33011,0.33
dacD,P33013,0.13
sbcB,P04995,0.11
hisD,P06988,0.91
hisB,P06987,0.67
cld,P76372,0.08
ugd,P76373,0.08
gnd,P00350,0.9
wbbK,P37751,0.32
wbbI,P37749,0.15
glf,P37747,0.06
rfbB,P37759,0.23
wcaL,P71243,0.22
wcaK,P71242,0.04
cpsB,P24174,0.48
wcaI,P32057,0.1
gmd,P0AC88,0.04
wcaC,P71237,0.09
wza,P0A930,0.44
yegD,P36928,0.08
mdtA,P76397,0.38
baeS,P30847,0.31
yegQ,P76403,0.75
gatD,P0A9S3,0.54
gatZ,P0C8J8,0.07
yceB,P0AB26,0.45
grxB,P0AC59,0.66
yceH,P29217,0.84
mviM,P75931,0.05
flgA,P75933,0.12
flgD,P75936,1.06
flgF,P75938,1.02
flgG,P0ABX5,0.79
flgH,P0A6S0,0.25
flgJ,P75942,0.42
yceF,P0A729,0.84
yceD,P0AB28,1.12
fabD,P0AAI9,0.8
fabG,P0AEK2,0.93
pabC,P28305,0.11
tmk,P0A720,0.88
ycfM,P0AB38,0.97
ycfN,P75948,0.09
ycfP,P0A8E1,0.24
ycfQ,P75952,0.73
lolD,P75957,0.26
ycfX,P75959,0.2
phoP,P23836,0.87
hflD,P25746,0.19
ymfC,P75966,0.78
ymfT,P75975,1.02
ymfK,P75974,1.0
ymfL,P75976,0.21
ymfP,P75981,0.54
ymfQ,P75982,0.12
ycfK,P45581,0.26
tfaE,P09153,1.13
stfE,P33227,0.51
pin,P03014,0.17
mcrA,P24200,0.4
ycgE,P75989,0.36
minD,P0AEZ3,0.95
minC,P18196,0.7
ycgM,P76004,0.24
hlyE,P77335,0.63
dsbB,P0A6M2,0.16
fadR,P0A8V6,0.86
emtA,P0C960,0.16
ldcA,P76008,0.05
ycgR,P76010,0.39
dhaL,P76014,0.82
pth,P0A7D1,0.78
prsA,P0A717,0.09
ispE,P62615,1.0
lolB,P61320,0.85
prmC,P0ACC1,0.81
ychA,P0AGM5,1.06
kdsA,P0A715,0.3
chaC,P39163,0.28
narL,P0AF28,1.02
narJ,P0AF26,1.01
purU,P37051,0.32
rssA,P0AFR0,0.05
galU,P0AEP3,0.86
tdk,P23331,0.56
ychG,P30192,0.25
ychE,P25743,0.13
ompW,P0A915,0.43
yciE,P21363,0.95
yciF,P21362,1.01
trpA,P0A877,0.86
yciV,P77766,0.59
yciO,P0AFR4,0.52
btuR,P0A9H5,1.04
yciK,P31808,0.6
ribA,P0A7I7,1.03
pyrF,P08244,0.51
fabI,P0AEK4,0.49
sapF,P0AAH8,0.08
sapC,P0AGH5,0.11
puuD,P76038,0.49
puuR,P0A9U6,0.68
pspA,P0AFM6,1.14
ycjR,P76044,0.44
ompG,P76045,0.55
mpaA,P0ACV6,0.59
ycjY,P76049,0.16
fnr,P0A9E5,1.05
ogt,P0AFH0,0.11
abgR,P77744,0.03
ydaL,P76053,0.66
ydaO,P76055,0.93
recT,P33228,0.61
sieB,P38392,0.14
ydaU,P76065,0.2
tfaR,P77163,1.13
pinR,P0ADI0,0.7
feaR,Q47129,0.37
paaD,P76080,1.17
paaF,P76082,0.71
paaG,P77467,0.99
paaI,P76084,0.77
paaY,P77181,0.45
ydbC,P25906,0.61
ynbA,P76090,0.12
azoR,P41407,1.09
ydcF,P34209,0.24
cybB,P0ABE5,0.32
rimL,P13857,1.18
tehB,P25397,0.5
ydcN,P77626,0.75
yncA,P76112,0.44
yncC,P76114,0.46
yncG,P76117,0.16
ydcD,P31991,0.09
yncI,P76119,0.54
yddH,P76121,0.57
nhoA,P77567,0.82
yddE,P37757,0.82
narW,P19317,0.91
yddK,P76123,0.06
fdnH,P0AAJ3,0.81
fdnI,P0AEK7,0.35
ddpF,P77622,0.18
ddpC,P77463,0.15
ddpX,P77790,0.46
ydeO,P76135,0.61
ydeQ,P77588,0.62
ydeR,P77294,0.67
ydeS,P77789,0.79
lsrF,P76143,0.34
tam,P76145,0.78
yneF,P76147,0.32
yneH,P0A6W0,0.48
yneJ,P77309,0.04
eamA,P31125,0.04
ydeE,P31126,0.94
ydeH,P31129,0.37
ydeJ,P31131,0.98
ydfG,P39831,0.15
pinQ,P77170,0.22
tfaQ,P76155,0.88
nohA,P31061,0.72
ydfP,P76158,0.19
ydfQ,P76159,0.82
ydfT,P76161,0.4
speG,P0A951,0.62
ynfG,P0AAJ1,0.39
ynfK,P0A6E9,0.89
ynfL,P77559,0.35
ydgD,P76176,0.29
ydgH,P76177,0.13
folM,P0AFS3,0.2
rstA,P52108,0.85
tus,P16525,0.05
uidR,P0ACT6,0.94
hdhA,P0AET8,0.68
rsxB,P77223,0.23
rsxG,P77285,0.43
rsxE,P77179,0.04
nth,P0AB83,0.57
gst,P0A9D2,0.77
pdxY,P77150,0.35
pdxH,P0AFI7,0.51
ydhJ,P76185,0.27
ydhF,P76187,0.11
ydhM,P67430,0.16
rnt,P30014,0.65
sodB,P0AGD3,0.78
ydhB,P0ACR2,0.07
ribC,P0AFU8,0.91
ydhT,P77147,0.25
ydhU,P77409,0.11
ydhW,P77564,0.92
ydhY,P0AAL6,0.32
sufC,P77499,0.69
ydiB,P0A6D5,0.84
aroD,P05194,0.97
ydiR,P77378,0.09
ydiA,P0A8A4,0.21
ydiV,P76204,0.17
btuD,P06611,0.09
btuE,P06610,0.99
ydiY,P76206,0.16
pfkB,P06999,0.84
yniB,P76208,0.41
yniC,P77247,0.45
ydjM,P64481,0.16
ydjO,P76210,0.14
chbG,P37794,0.11
chbR,P17410,0.37
ydjQ,P76213,0.14
ydjR,P76214,0.16
spy,P77754,1.04
xthA,P09030,0.24
ydjY,P76220,0.96
ynjD,P76909,0.2
ydjA,P0ACY1,0.99
ydjF,P77721,0.04
ydjI,P77704,0.21
yeaD,P39173,0.97
yeaE,P76234,0.13
mipA,P0A908,0.11
yeaK,P64483,0.81
yeaM,P76241,0.17
yeaT,P76250,0.07
yeaY,P0AA91,0.26
yeaZ,P76256,1.01
yeaB,P43337,0.16
manZ,P69805,0.3
rrmA,P36999,0.37
kdgR,P76268,0.66
htpX,P23894,0.08
yebR,P76270,0.57
pphA,P55798,0.07
yobB,P76280,0.11
exoX,P0AEK0,0.12
yebE,P33218,0.89
eda,P0A955,0.78
yebK,P46118,0.27
znuC,P0A9X1,0.16
ruvA,P0A809,0.94
ruvC,P0A814,0.18
yecD,P0ADI7,0.77
yecE,P37348,0.12
yecO,P76290,0.33
cutC,P67826,0.2
cheZ,P0A9H9,1.08
cheR,P07364,0.11
cheW,P0A964,0.81
motB,P0AF06,0.33
motA,P09348,0.19
flhC,P0ABY7,0.03
otsB,P31678,0.45
yecI,P0A9A2,0.83
ftn,P0A998,0.75
yecA,P0AD05,0.87
pgsA,P0ABF8,0.07
uvrY,P0AED5,0.75
yecC,P37774,0.37
yecS,P0AFT2,0.05
fliY,P0AEM9,0.96
fliZ,P52627,0.23
yedK,P76318,0.2
fliH,P31068,1.09
rcsA,P0DMC9,0.32
yedP,P76329,0.7
yedI,P46125,0.04
yedJ,P46144,1.17
yedS,P76335,0.18
hchA,P31658,0.79
yedW,P76340,1.05
yodB,P76345,0.16
yeeI,P76346,0.87
yeeL,P76349,0.14
cbl,Q47083,0.21
erfK,P39176,0.11
cobS,P36561,0.03
cobU,P0AE76,0.62
yeeP,P76359,0.06
hisG,P60757,0.64
hisH,P60595,0.11
hisA,P10371,0.44
hisI,P06989,0.98
rfbA,P37744,0.64
galF,P0AAB6,0.58
nudD,P32056,0.76
wcaF,P0ACD2,0.19
wcaE,P71239,0.11
wcaA,P77414,0.3
dcd,P28248,0.91
udk,P0A8F4,0.66
alkA,P04395,0.2
yegK,P76395,0.66
yegL,P76396,0.53
baeR,P69228,0.74
yegS,P76407,0.76
yceP,P0AB33,0.89
flgN,P43533,0.81
flgM,P0AEM4,0.89
flgB,P0ABW9,0.94
flgC,P0ABX2,0.43
hinT,P0ACE7,0.84
ycfL,P75946,0.7
ycfR,P0AB40,0.71
ymfB,P0AEI6,0.98
ymfG,P75970,1.35
ymfR,P75979,0.16
ymfO,P75980,0.1
ycgZ,P75991,0.88
ymgA,P75992,0.96
ymgC,P75994,0.37
ymgF,P58034,0.25
ymgD,P0AB46,0.86
ymgG,Q7DFV3,0.99
minE,P0A734,1.02
ycgJ,P76001,0.78
ycgK,P76002,0.73
ycgL,P0AB43,1.08
ycgN,P0A8L5,0.86
umuD,P0AG11,0.66
ymgE,P76011,0.16
ycgY,P76012,0.88
ychH,P0AB49,0.73
ychQ,Q46755,0.25
chaB,P0AE63,1.12
ychN,P0AB52,0.92
ychJ,P37052,0.65
hns,P0ACF8,1.03
yciA,P0A8Z0,0.8
yciG,P21361,0.92
yciN,P0AB61,0.82
yciS,P0ACV4,0.36
yciH,P08245,1.1
ycjD,P45736,0.3
ymjA,P0ACV8,1.02
pspB,P0AFM9,0.63
pspC,P0AFN2,0.29
pspD,P0AFV8,0.35
ynaJ,P64445,0.3
ydaC,P33230,1.34
lar,P33229,1.04
racC,P15033,1.05
ydaE,P38394,1.18
kil,P38393,0.25
racR,P76062,0.92
ydaT,P76064,0.88
ydaW,P76066,0.88
rzpR,P77551,1.03
ynaK,P76068,0.9
ydaY,P76069,0.77
uspF,P37903,0.94
ydbJ,P0ACW2,0.24
hslJ,P52644,1.07
ydbL,P76076,0.51
paaB,P76078,0.86
gapC,Q83ML5,0.97
ydcH,P0ACW6,0.72
yncJ,P64459,0.38
ydcQ,P67697,0.87
ydcY,P64455,1.03
ydcZ,P76111,0.14
yncH,P76118,0.36
yddL,P77519,0.48
osmC,P0C0L2,1.01
ykgM,Q2EEQ2,1.36
lsrG,P64461,0.77
yneG,P76148,0.44
marC,P0AEY1,0.05
marR,P27245,0.81
marA,P0ACH5,0.12
marB,P31121,0.61
ydeI,P31130,1.01
ydfZ,P64463,1.03
ydfK,P76154,0.78
ydfR,P76160,0.48
essQ,P77237,0.17
cspB,P36995,1.14
cspF,P0A976,0.21
relB,P0C079,0.94
flxA,P77609,0.93
ydfX,P76165,0.86
dicC,P06965,0.75
dicA,P06966,0.58
ydfC,P21418,0.52
ynfB,P76170,0.49
ynfD,P76172,0.79
mdtJ,P69212,0.37
ydgC,P0ACX0,0.24
ydhA,P28224,0.53
slyA,P0A8W2,0.9
gloA,P0AC81,1.0
ydhD,P0AC69,0.91
ydhZ,P0ACX5,1.12
lpp,P69776,0.58
sufE,P76194,1.04
sufA,P77667,0.86
ydiI,P77781,0.78
ydiL,P76196,0.43
ydiT,P77714,0.84
ydiE,P0ACX9,1.3
nlpC,P23898,0.34
rplT,P0A7L3,1.0
rpmI,P0A7Q1,1.22
infC,P0A707,1.14
cedA,P0AE60,1.08
chbA,P69791,1.12
chbB,P69795,0.98
osmE,P0ADB1,0.99
nudG,P77788,0.9
ynjH,P76227,0.27
yeaA,P0A746,0.97
hokB,P77494,0.42
yeaO,P76243,1.36
yoaF,P64493,0.91
yeaR,P64488,0.97
yoaB,P0AEB7,0.77
yoaC,P64490,1.06
cspC,P0A9Y6,0.94
yebO,P64499,0.46
proQ,P45577,0.7
yebV,P64503,0.93
yebW,P76275,0.75
yebY,P64506,0.36
holE,P0ABS8,0.96
yebF,P33219,1.08
yebG,P0ACY9,1.08
nudB,P0AFC0,0.53
yecN,P64515,0.5
yecM,P52007,1.08
flhE,P76297,0.68
cheY,P0AE67,0.95
flhD,P0A8S9,0.88
yecG,P46888,0.84
yecJ,P0AD10,1.06
yecR,P76308,0.15
yecH,P46887,0.76
yecF,P0AD07,1.05
fliS,P26608,0.69
fliT,P0ABY2,0.93
yedD,P31063,1.31
yedF,P0AA31,0.91
yedL,P76319,0.18
yedM,P76322,0.17
fliE,P0A8T5,0.62
fliJ,P52613,0.9
fliL,P0ABX8,0.35
fliN,P15070,1.08
fliO,P22586,0.15
fliQ,P0AC07,0.31
yedX,P76341,0.78
yedR,P76334,0.43
yeeN,P0A8A2,0.66
yeeS,P76362,0.66
yeeT,P64521,0.23
yeeU,P76364,0.83
yeeV,P64524,0.92
yeeX,P0A8M6,0.09
sbmC,P33012,1.33
yefM,P69346,0.84
wbbL,P36667,0.55
wzb,P0AAB2,0.25
yegJ,P76394,0.79
gatR,P36930,0.91
ygiZ,Q46867,0.27
yqaC,P76616,0.08
mdtI,P69210,0.15
ygiU,Q46865,0.74
yafN,Q47156,0.57
yifO,P56259,0.1
yahM,P75692,0.14
ypdI,O32528,0.23
ykfJ,P75675,0.17
rpsP,P0A7T3,1.09
nrdH,P0AC65,1.03
ydhI,P64471,0.44
rffT,P56258,0.48
rzoD,P58041,1.47
yobG,P64512,0.54
rzoR,P58042,0.88
yehB,P33341,0.06
yehI,P33346,0.17
yehM,P33349,0.1
bglX,P33363,0.31
yejO,P33924,0.3
rcsD,P39838,0.24
gyrA,P0AES4,0.49
yfaL,P45508,0.52
nrdA,P00452,0.63
nuoG,P33602,0.18
ypdD,P77439,0.39
maeB,P76558,0.81
yphG,P76585,0.06
yfiQ,P76594,0.08
clpB,P63284,0.75
yfjK,P52126,0.46
alaS,P00957,0.58
hypF,P30131,0.74
mutS,P23909,0.42
relA,P0AG20,0.76
barA,P0AEC5,0.56
ptr,P05458,0.66
recC,P07648,0.06
ptsP,P37177,0.09
aas,P31119,0.07
xdhA,Q46799,0.12
xdhD,Q46814,0.37
gcvP,P33195,0.22
speC,P21169,0.03
glcB,P37330,0.49
parC,P0AFI2,0.18
glnE,P30870,0.57
ebgA,P06864,0.22
ygjK,P42592,0.22
tdcE,P42632,0.17
metG,P00959,0.5
yehQ,P33353,0.12
yehU,P0AD14,0.02
dld,P06149,0.79
cirA,P17315,0.47
fruA,P20966,0.07
yejA,P33913,0.2
yejH,P33919,0.26
mqo,P33940,0.18
yojI,P33941,0.18
atoS,Q06067,0.27
yfaQ,P76463,0.09
yfaA,P17994,0.9
glpA,P0A9C0,0.06
yfbG,P77398,0.03
menD,P17109,0.04
yfbK,P76481,0.49
pta,P0A9M8,0.54
purF,P0AG16,0.16
trmC,P77182,0.52
yfcU,P77196,0.48
yfcX,P77399,0.16
oxc,P0AFI0,0.22
ligA,P15042,0.59
ptsI,P08839,0.9
tktB,P33570,0.11
aegA,P37127,0.21
narQ,P27896,0.07
hyfR,P71229,0.07
ppk,P0A7B1,0.08
ppx,P0AFL6,0.47
guaB,P0ADG7,0.49
der,P0A6P5,0.66
hscA,P0A6Z1,1.02
yphE,P77509,0.05
nadB,P10902,0.2
recN,P05824,0.13
yfjL,P52127,0.17
gshA,P0A6W9,0.26
srlA,P56579,0.17
hycE,P16431,0.07
fhlA,P19323,0.1
ygcL,Q46901,0.1
cysI,P17846,0.38
cysJ,P38038,0.24
pyrG,P0A7E5,0.77
fucI,P69922,0.36
recD,P04993,0.15
ygeV,Q46802,0.1
yqeB,Q46808,0.18
ygfT,Q46820,0.25
yliK,P27253,0.17
tktA,P27302,0.32
speA,P21170,0.48
glcD,P0AEP9,0.52
pitB,P43676,0.06
gss,P0AES0,0.5
hybC,P0ACE0,0.29
ygiS,Q46863,0.27
parE,P20083,0.77
ydiO,P0A9U8,0.34
yqiK,P77306,1.01
dnaG,P0ABS5,0.4
rpoD,P00579,0.93
aer,P50466,0.31
fadH,P42593,0.17
garD,P39829,0.48
fbaB,P0A991,0.05
yegU,P76418,0.3
yehA,P33340,0.49
mrp,P0AF08,0.85
yehL,P33348,0.12
yehP,P33352,0.08
yehX,P33360,0.09
yohG,B7LA05,0.03
dusC,P33371,0.1
yeiT,P76440,0.23
yeiA,P25889,0.65
mglA,P0AAG8,0.15
mglB,P0AEE5,0.75
galS,P25748,0.1
yeiI,P33020,0.09
yeiN,P33025,0.98
yeiC,P30235,0.22
fruK,P0AEW9,0.79
fruB,P69811,0.91
yeiQ,P33029,0.31
rtn,P76446,0.77
yejK,P33920,0.76
yejM,P0AD27,0.02
ccmH,P0ABM9,0.41
ada,P06134,0.32
ompC,P06996,0.07
atoC,Q06065,0.39
atoB,P76461,0.09
nrdB,P69924,0.46
glpQ,P09394,0.39
glpB,P13033,0.25
glpC,P0A996,0.14
yfaW,P77215,0.06
yfaY,P77808,0.52
yfbE,P77690,0.13
yfbF,P77757,0.14
menE,P37353,0.31
menC,P29208,0.41
menF,P38051,0.5
elaC,P0A8V0,0.29
nuoF,P31979,0.12
nuoC,P33599,0.18
lrhA,P36771,0.12
yfbQ,P0A959,0.21
ackA,P0A6A3,1.13
folC,P08192,0.85
usg,P08390,1.02
pdxB,P05459,0.15
flk,P15286,0.62
fabB,P0A953,0.13
aroC,P12008,0.58
prmB,P39199,0.33
fadL,P10384,0.01
yfdC,P37327,0.38
intS,P37326,0.59
dsdC,P46068,0.08
dsdX,P08555,0.12
dsdA,P00926,0.67
emrK,P52599,0.39
yfdE,P76518,0.37
frc,P69902,0.82
ddg,P0ACV2,0.09
yfdZ,P77434,0.77
ypdE,P77585,0.93
glk,P0A6V8,0.8
gltX,P04805,0.87
yfeR,P0ACR7,0.12
zipA,P77173,0.96
cysK,P0ABK5,0.77
cysA,P16676,0.14
cysP,P16700,0.62
yfeG,P36547,0.05
eutB,P0AEJ6,0.13
eutA,P76551,0.33
eutG,P76553,0.09
eutE,P77445,0.76
eutI,P77218,0.82
talA,P0A867,0.18
ypfG,P76559,0.62
dapE,P0AED7,0.2
nlpB,P0A903,0.87
yfgO,P0AFI9,0.26
purM,P08178,0.93
hisS,P60906,0.59
yfgB,P36979,0.6
iscS,P0A6B7,0.37
csiE,P54901,0.12
hcaE,P0ABR5,0.14
hcaD,P77650,0.41
yphC,P77360,0.07
yphD,P77315,0.38
yphF,P77269,0.64
hmp,P24232,0.87
yfhA,P0AFU4,0.43
yfhK,P52101,0.19
yfhD,P0AGC5,0.1
lepB,P00803,0.28
lepA,P60785,0.46
rseB,P0AFX9,0.15
srmB,P21507,0.69
yfiF,P0AGJ5,0.81
pssA,P23830,0.36
pheA,P0A9J8,0.44
tyrA,P07023,0.72
aroF,P00888,0.63
ffh,P0AGD7,1.07
yfjD,P37908,0.12
intA,P32053,0.08
yfjH,P52123,0.19
yfjI,P52124,0.22
yfjN,P52129,0.08
ygaT,P76621,0.47
ygaF,P37339,0.15
gabD,P25526,0.6
gabT,P22256,0.77
nrdF,P37146,0.32
proV,P14175,0.73
proW,P14176,0.05
proX,P0AFM2,0.52
emrA,P27303,0.26
recA,P0A7G6,0.88
mltB,P41052,0.27
gutQ,P17115,0.52
norR,P37013,0.3
norV,Q46877,0.39
norW,P37596,0.42
ascG,P24242,0.24
ascF,P24241,0.07
ascB,P24240,0.28
hypD,P24192,0.29
hypE,P24193,0.24
ygbK,Q46889,0.21
rpoS,P13445,0.31
nlpD,P0ADA3,0.85
truD,Q57261,0.52
cysN,P23845,0.49
iap,P10423,0.26
ygcJ,Q46899,0.17
ygcN,Q46904,0.2
ygcE,P55138,0.39
eno,P0A6P9,1.01
gudD,P0AES2,0.15
gudX,Q46915,0.19
ygdH,P0ADR8,0.04
sdaB,P30744,0.9
fucO,P0A9S1,0.77
fucK,P11553,0.09
ygdE,P0ADR6,0.39
csdA,Q46925,0.1
mltA,P0A935,0.36
amiC,P63883,0.33
argA,P0A6C5,0.58
tas,P0A9T4,0.11
galR,P03024,0.37
lysA,P00861,0.67
lysR,P03030,0.07
yqeF,Q46939,0.47
ygeH,P76639,0.2
ygeW,Q46803,0.68
ygeX,P66899,0.75
ygeY,P65807,0.82
hyuA,Q46806,0.24
yqeA,Q46807,0.97
ssnA,Q46812,0.06
guaD,P76641,0.46
ygfZ,P0ADE8,0.82
bglA,Q46829,0.7
gcvT,P27248,1.01
visC,P25535,0.49
ubiH,P25534,0.15
pepP,P15034,0.75
serA,P0A9T0,0.61
argK,P27254,0.23
ygfH,P52043,0.07
fbaA,P0AB71,0.7
pgk,P0A799,1.0
epd,P0A9B6,0.32
speB,P60651,0.68
metK,P0A817,0.48
gshB,P04425,0.77
yggR,P52052,0.19
yggW,P52062,0.09
yggM,P46142,0.32
ansB,P00805,0.49
mutY,P17802,0.32
yghF,Q46834,0.36
glcF,P52074,0.24
yghO,Q46840,0.08
hybA,P0AAJ8,0.39
yghZ,Q46851,0.13
metC,P06721,0.28
yqhD,Q46856,0.92
yqhC,Q46855,0.22
ygiQ,Q46861,0.11
sufI,P26648,0.08
qseC,P40719,0.22
ygiC,P0ADT5,0.7
yjgK,P0AF96,0.56
rfaE,P76658,0.77
ygiF,P30871,0.79
cca,P06961,0.84
ygiP,P45463,0.13
ygjD,P05852,0.15
ygjG,P42588,0.53
ebgR,P06846,0.99
ygjJ,P42591,0.31
ygjO,P42596,0.57
ygjR,P42599,0.54
sstT,P0AGE4,0.15
uxaA,P42604,1.14
yqjG,P42620,0.24
tdcD,P11868,0.54
tdcB,P0AGF6,0.72
tdcA,P0ACQ7,0.49
garK,P23524,0.99
kbaZ,P0C8K0,0.62
gatY,P0C8J6,0.11
yjgM,P39337,1.11
yegW,P0ACM5,0.25
yegX,P76421,0.31
thiD,P76422,0.14
thiM,P76423,0.55
yohN,P64534,0.8
yehT,P0AFT5,0.94
mlrA,P33358,1.15
yehW,P33359,0.15
yehZ,P33362,0.72
pbpG,P0AFI5,0.83
yohC,P0AD17,0.16
yohD,P33366,0.66
yohF,P33368,0.62
cdd,P0ABF6,0.42
sanA,P0AFY2,0.11
folE,P0A6T5,0.5
yeiE,P0ACR4,0.15
nfo,P0A6C1,0.14
rihB,P33022,0.62
yeiL,P0A9E9,0.24
yeiP,P0A6N8,0.92
yeiU,P76445,0.36
narP,P31802,0.78
ccmG,P0AA86,0.69
ccmB,P0ABL8,0.04
ccmA,P33931,0.47
napC,P0ABL5,0.14
napH,P33934,0.06
napG,P0AAL3,0.2
napF,P0AAL0,0.12
eco,P23827,0.85
alkB,P05050,0.18
yojL,P0AB85,0.66
rcsB,P0DMC7,0.9
atoD,P76458,0.54
atoA,P76459,0.26
yfaP,P76462,1.08
yfaS,Q83KC8,0.82
yfaT,P76466,0.26
ubiG,P17993,0.79
inaA,P27294,0.24
yfaD,P37014,0.48
yfaU,P76469,0.07
yfaX,P77732,0.38
yfaZ,P76471,0.78
ais,P45565,0.5
yfbH,P76472,0.11
menB,P0ABU0,0.72
elaD,Q47013,0.36
yfbN,P76484,0.41
yfbP,P76486,0.42
nuoJ,P0AFE0,0.83
nuoI,P0AFD6,0.72
nuoE,P0AFD1,0.31
nuoB,P0AFC7,0.78
yfbR,P76491,0.68
yfbT,P77625,0.68
yfbU,P0A8W8,0.39
yfcD,P65556,0.19
yfcH,P77775,0.17
yfcI,P77768,0.42
hisP,P07109,0.67
hisQ,P52094,0.08
ubiX,P0AG03,0.22
accD,P0A9Q5,0.62
truA,P07649,0.38
yfcM,P76938,0.77
mepA,P0C0T5,0.17
yfcN,P0A8B2,0.48
yfcO,P76498,0.42
yfcQ,P76500,0.96
yfcR,P76501,0.5
yfcS,P77599,0.78
yfcT,P77196,0.79
yfcV,P77288,0.98
sixA,P76502,0.79
yfdF,P76505,0.81
vacJ,P76506,0.2
yfdL,P76508,0.12
yfdN,P76510,0.77
yfdQ,P76513,1.03
yfdR,P76514,0.08
evgA,P0ACZ4,1.08
yjhD,P39354,0.08
yfdX,P76520,0.5
ypdB,P0AE39,0.77
ypdC,P77396,0.18
ypdF,P76524,0.33
xapR,P23841,0.35
xapA,P45563,0.06
yfeN,P45564,0.06
cysZ,P0A6J3,0.2
crr,P69783,1.14
pdxK,P40191,0.11
yfeS,P78271,0.3
cysM,P16703,0.52
cysW,P0AEB0,0.52
cysU,P16701,1.18
ucpA,P37440,0.79
yfeT,P77245,0.25
yjiD,P39375,0.7
yfeX,P76536,0.2
yfeY,P76537,0.59
amiA,P36548,0.37
hemF,P36553,1.02
yffI,P76540,0.8
eutL,P76541,0.2
eutC,P19636,0.17
eutJ,P77277,0.81
eutT,P65643,1.06
eutQ,P76555,0.89
yffH,P37128,0.73
ypfH,P76561,1.03
purC,P0A7D7,0.5
gcvR,P0A9I3,1.27
hyfA,P23481,0.75
hyfH,P77423,0.17
focB,P77733,0.74
upp,P0A8F0,1.08
purN,P08179,0.98
yfgH,P65290,0.73
yfgI,P76573,0.12
sseB,P0AFZ1,1.31
iscR,P0AGK8,1.03
yfhQ,P0AE01,0.79
suhB,P0ADG4,0.87
yfhR,P77538,0.21
hcaR,Q47141,0.11
hcaF,Q47140,0.06
hcaB,P0CI31,0.1
yphB,P76584,0.39
yfhG,P0AD44,0.55
tadA,P68398,0.16
yfhB,P0AD42,0.08
yfhH,P37767,0.35
era,P06616,0.92
rnc,P0A7Y0,1.17
rseA,P0AFX7,0.59
rpoE,P0AGB6,1.01
yfiC,P31825,0.49
yfiE,P33634,0.12
ung,P12295,0.14
yfiP,Q47319,0.37
yfiH,P33644,0.11
yfiO,P0AC02,0.22
yfiR,P64548,0.22
yjjZ,P55914,0.2
yfiB,P07021,0.75
trmD,P0A873,0.3
rimM,P0A7X6,1.07
uppS,P0A7B3,0.32
smpB,P0A832,1.01
yfjP,P52131,0.35
yfjQ,P52132,0.12
yfjR,P52133,0.3
yfjY,P52140,0.37
ygaR,P76616,0.12
csiR,P37338,0.07
ygaP,P55734,0.28
nrdI,P0A772,1.01
ygaY,P76628,0.12
mprA,P0ACR9,1.03
luxS,P45578,1.1
yqaB,P77475,0.13
recX,P33596,0.93
ygaD,P0A6G3,1.03
srlD,P05707,0.33
srlR,P15082,0.5
hydN,P0AAK4,1.02
hycG,P16433,0.46
hycF,P16432,0.42
hypB,P0AAN3,0.94
pphB,P55799,0.22
ygbI,P52598,0.11
ygbJ,Q46888,0.63
ygbL,Q46890,0.57
ygbM,Q46891,0.15
pcm,P0A7A5,0.15
surE,P0A840,0.41
ispD,Q46893,0.67
cysC,P0A6J1,0.84
cysD,P21156,0.11
ygcH,Q46897,0.16
ymfE,P75968,0.08
ygcK,P76632,0.5
cysH,P17854,0.12
ygcP,Q46906,0.62
ygcQ,Q46907,0.52
ygcR,Q46908,0.25
ygcU,Q46911,0.11
ygcF,P64554,0.63
mazG,P0AEY3,0.89
yqcB,P0AA41,0.09
syd,P0A8U0,0.59
yqcD,Q46920,0.47
exo,P38506,0.3
fucA,P0AB87,0.54
fucR,P0ACK8,0.36
gcvA,P0A9F6,0.1
ygdL,Q46927,0.69
ppdB,P08371,0.23
thyA,P0A884,0.06
lgt,P60955,0.11
nudH,P0A776,0.63
mutH,P06722,1.0
ygdQ,P67127,0.17
ygeA,P03813,0.12
kduD,P37769,0.71
kduI,Q46938,0.63
yqeH,Q46941,0.13
ygeG,Q46787,0.55
ygeQ,Q46797,0.68
ygeR,Q46798,0.58
xdhB,Q46800,0.17
yqeC,Q46809,0.23
ygfM,P64557,0.31
ygfS,Q46819,0.97
idi,Q46822,0.32
prfB,P07012,0.93
dsbC,P0AEG6,0.82
xerD,P0A8P8,0.73
fldB,P0ABY4,0.91
ygfF,P52037,0.14
ygfB,P0A8C4,0.98
ygfA,P0AC28,0.09
rpiA,P0A7Z0,0.94
argP,P0A8S1,0.17
ygfG,P52045,0.56
ygfI,P52044,0.19
yggE,P0ADS6,1.11
argO,P11667,0.19
mscS,P0C0S1,0.42
yggC,P11664,0.24
yggD,P11663,0.8
ydfO,P76156,0.77
yggG,P25894,0.6
sprT,P39902,0.91
endA,P25736,1.0
yggJ,P0AGL7,0.19
yqgE,P0A8W5,0.85
yggS,P67080,0.74
yggT,P64564,0.05
yggV,P52061,0.95
yggN,P0ADS9,0.8
yggH,P0A8I5,0.4
mltC,P0C066,0.18
pyrI,P0A7F3,1.17
yghD,Q46832,0.28
glcC,P0ACL5,0.2
yghR,P64572,0.32
yghS,Q46843,0.36
yghT,Q46844,0.5
yghU,Q46845,0.49
hybE,P0AAN1,0.8
hybD,P37182,1.13
yqhA,P67244,0.15
yghA,P0AG84,0.8
exbB,P0ABU7,0.15
yghB,P0AA60,0.08
yqhG,Q46858,0.84
plsC,P26647,0.29
ygiV,Q46866,0.29
qseB,P52076,0.97
mdaB,P0AEY5,1.15
yqiA,P0A8Z7,0.17
cpdA,P0AEW4,0.6
nudF,Q93K97,0.58
ygiE,P0A8H3,0.28
ribB,P0A7J0,1.16
ygiL,P39834,0.92
yqiH,P77616,0.22
yqiJ,P76657,0.12
htrG,P0ADT8,0.13
ygiH,P60782,0.17
ttdA,P05847,0.79
ttdB,P0AC35,0.4
ygjF,P0A9H1,0.23
yqjH,Q46871,0.19
yqjI,P64588,0.61
ygjP,P42597,0.4
exuR,P0ACL2,0.23
yqjA,P0AA63,0.04
yhaJ,P67660,0.19
yhaK,P42624,0.78
yhaM,P42626,0.84
tdcG,P42630,0.16
yhaB,P11865,0.09
garR,P0ABQ2,0.91
agaR,P0ACK2,0.81
yjgH,P39332,0.87
yohL,P64530,1.01
holC,P28905,0.7
yehE,P33344,0.49
molR,P33345,0.33
yehK,P33347,0.92
yehR,P33354,0.81
yehS,P33355,0.66
yohJ,P60632,0.16
yjgW,Q9Z3A0,0.43
yeiW,P0AFT8,0.83
yeiR,P33030,0.61
spr,P0AFV4,0.37
yejG,P0AD21,0.91
rsuA,P0AA43,0.85
rplY,P68919,0.86
yejL,P0AD24,0.84
ccmE,P69490,0.66
ccmD,P0ABM5,0.67
napD,P0A9I5,1.08
yfaE,P0ABW3,0.32
yfaH,P45505,0.57
yfaO,P52006,0.72
yfbW,Q47377,0.77
yfbJ,P76474,0.1
pmrD,P37590,0.91
elaB,P0AEH5,1.0
elaA,P0AEH3,1.06
yfbO,P76485,0.85
nuoA,P0AFC3,0.49
yfbV,P0A8D9,0.39
folX,P0AC19,0.9
yfcZ,P0AD33,0.88
tfaS,P77326,1.01
yfdK,P77656,0.91
yfdM,P76509,0.67
yfdO,P0AD35,0.37
yfdP,P76512,0.82
yfdS,P76515,0.96
yjhE,P39355,0.15
yfdY,P76521,0.59
ypdH,P69808,0.95
ypeC,P64542,0.14
yfeC,P0AD37,0.1
yfeD,P27238,0.15
yjhV,Q47719,0.43
ptsH,P0AA04,0.88
yfeK,Q47702,0.77
yfeZ,P76538,0.41
ypeA,P76539,0.8
cchB,P0AEJ8,0.57
cchA,P0ABF4,0.89
eutP,P76556,0.9
ypfE,P63746,0.93
yffB,P24178,0.87
ypfN,Q2EET2,0.71
hyfJ,P77453,0.79
yjiG,P0AEH8,0.02
ndk,P0A763,0.65
fdx,P0A9R4,0.82
iscA,P0AAC8,1.11
iscU,P0ACD4,0.97
hcaC,P0ABW0,1.13
yjiW,P39394,0.35
glnB,P0A9Z1,0.95
yfhL,P52102,1.24
acpS,P24224,0.84
rseC,P46187,0.27
trxC,P0AGG4,0.92
yfiM,P46126,0.13
yjjB,P0ADD2,0.11
yfiA,P0AD49,0.98
yfiL,P11289,0.59
rplS,P0A7K6,1.01
holD,P28632,0.32
rimI,P0A944,0.81
smpA,P0A937,0.44
yfjF,P52119,1.02
yfjG,P0AGL5,0.34
alpA,P33997,0.86
trpR,P0A881,0.77
yfjO,P52130,0.89
yfjT,P52135,0.22
yfjX,P52139,0.69
yfjZ,P52141,0.65
ypjF,Q46953,0.68
ygaU,P0ADE6,0.9
stpA,P0ACG1,0.16
ygaW,P64550,0.12
ygaC,P0AD53,1.0
ygaM,P0ADQ7,0.5
yqaA,P0ADR0,0.05
srlB,P05706,1.16
gutM,P15081,0.51
hycI,P0AEV9,1.01
hycH,P0AEV7,1.02
hycA,P0AEV4,0.97
hypA,P0A700,0.78
ygbA,P25728,0.31
ispF,P62617,0.84
ftsB,P0A6S5,0.26
ygcM,P65870,0.91
ymfM,P75977,1.13
ymfD,P75967,0.13
yqcA,P65367,0.94
yqcC,Q46919,0.87
fucU,P0AEN8,1.05
ygdI,P65292,1.2
ygdK,P0AGF2,0.81
ppdC,P08372,0.24
ygdB,P08370,0.07
ppdA,P33554,0.11
ypjC,P76613,0.76
yqeK,P77136,0.11
ygeF,Q46786,0.25
pbl,Q46790,0.29
ygeK,Q46791,0.28
ygeN,Q46793,0.95
ygeP,Q46796,1.05
xdhC,Q46801,1.14
ygfX,Q46824,0.33
ygfY,P64559,1.01
yqfB,P67603,0.87
zapA,P0ADS2,0.98
yggP,P52048,0.31
cmtB,P69824,0.97
yqgF,P0A8I1,1.06
yggU,P52060,0.97
yggL,P38521,1.29
yggX,P0A8P3,1.08
yghG,Q46835,0.41
glcG,P0AEQ1,0.99
hybF,P0A703,0.51
yghY,Q7DFU6,1.02
ymfH,P75971,0.54
exbD,P0ABV2,0.48
dkgA,Q46857,0.28
ymfJ,P75973,0.47
yqhH,P65298,0.18
ygiW,P0ADU5,0.29
ygiN,P0ADU2,1.21
yqiB,P0ADU7,0.3
yqiC,Q46868,1.11
elbA,P75987,0.55
yqiI,P76656,0.85
glgS,P26649,0.9
folB,P0AC16,1.11
rpsU,P68679,1.0
ygjH,P42589,1.06
ebgC,P0AC73,0.24
ygjM,P67701,0.85
ygjN,P64578,0.15
yqjB,P42615,0.15
yqjC,P42616,0.8
yqjK,Q47710,0.31
yhaH,P64590,0.09
yhaI,P64592,0.28
yhaL,P42625,1.06
ycgX,P75988,0.55
ynaE,P76073,0.87
tdcR,P11866,0.75
sohA,P15373,1.04
yraJ,P42915,0.07
yraM,P45464,1.05
pnp,P05055,0.74
infB,P0A705,0.65
fusA,P0A6M8,0.62
yhfK,P45537,0.06
nirB,P08201,0.1
mrcA,P02918,0.05
yrfF,P45800,0.27
yhgF,P46837,0.91
feoB,P33650,0.09
malQ,P15977,0.32
malT,P06993,0.09
glgP,P0AC86,0.11
glgB,P07762,0.18
zntA,P37617,0.27
rbbA,P37624,0.18
prlC,P27298,0.94
yhjG,P37645,0.11
bcsB,P37652,0.82
glyS,P00961,0.77
spoT,P0AG24,0.08
yicI,P31434,0.32
uvrD,P03018,0.2
metE,P25665,0.33
fadB,P21177,0.15
polA,P00582,0.76
katG,P13029,0.84
ptsA,P32670,0.69
pflD,P32674,0.12
yjdA,P0DM85,0.28
adiA,P28629,0.31
cadA,P0A9H3,0.05
yjeP,P39285,0.16
rnr,P21499,0.45
ytfN,P39321,0.32
nrdD,P28903,0.6
mgtA,P0ABB8,0.51
valS,P07118,0.6
fecA,P13036,0.01
mdoB,P39401,0.07
deaD,P0A9P6,0.5
ftsH,P0AAI3,0.41
yhdA,P13518,0.04
gspD,P45758,0.35
yheS,P63389,0.39
pck,P22259,0.59
rtcR,P38035,0.07
glgX,P15067,0.2
ggt,P18956,0.37
yhiJ,P37627,0.07
treF,P62601,0.49
bcsG,P37659,0.1
dppA,P23847,0.86
malS,P25718,0.25
selB,P14081,0.58
mtlA,P00550,0.27
ligB,P25772,0.12
yicH,P31433,0.07
ade,P31441,0.35
ilvB,P08142,0.29
dgoD,Q6BF17,0.04
yidC,P25714,0.27
bglH,P26218,0.09
glmS,P17169,0.91
gidA,P0A6U3,0.07
ilvD,P05791,0.26
rep,P09980,0.19
aslA,P25549,0.25
recQ,P15043,0.47
bipA,P0DTT0,0.89
yihQ,P32138,0.31
yijP,P0CB39,0.27
thiC,P30136,0.1
purH,P15639,0.72
aceB,P08997,0.65
aceK,P11071,0.11
yjbB,P0AF43,0.04
pgi,P0A6T1,1.15
acs,P27550,0.62
yjcS,P32717,0.27
fumB,P14407,0.7
dcuS,P0AEC8,0.35
groL,P0A6F5,0.95
frdA,P00363,0.51
aidB,P33224,0.02
cpdB,P08331,0.83
treC,P28904,0.09
yjgL,P39336,0.85
yjhG,P39358,0.15
tsr,P02942,0.44
yjjK,P0A9W3,0.92
slt,P0AGC3,0.11
agaS,P42907,0.71
yraK,P43319,0.78
yhbU,P45527,0.09
yhbW,P0ADV5,0.09
nusA,P0AFF6,0.99
argG,P0A6E4,0.19
glmM,P31120,0.61
dacB,P24228,0.34
obgE,P42641,0.94
ispB,P0AD57,0.51
murA,P0A749,0.64
kdsD,P45395,0.62
rpoN,P24255,0.95
gltD,P09832,0.3
yhcG,P45423,0.17
yhcM,P64612,0.31
degQ,P39099,0.67
degS,P0AEE3,0.76
tldD,P0AGG8,0.91
rng,P0A9J0,0.76
mreC,P16926,0.35
mreB,P0A9X4,0.63
yhdH,P26646,0.65
accC,P24182,0.3
acrE,P24180,0.71
rsmB,P36929,0.51
trkA,P0AGI8,0.69
gspA,P45756,0.76
gspE,P45759,0.22
gspF,P41441,0.17
gspK,P45762,0.31
gspL,P45763,0.18
tufA,P0CE47,0.99
yheT,P45524,0.12
argD,P18335,0.29
cysG,P0AEA8,0.55
frlB,P0AC00,0.81
yhfS,P45545,0.15
yhfW,P45549,0.76
yhfX,P45550,0.33
aroB,P07639,0.22
hofQ,P34749,0.64
gntT,P39835,0.14
rtcB,P46850,0.22
glpD,P13035,0.48
glgA,P0A6U8,0.11
glgC,P0A6V1,0.11
asd,P0A9Q9,0.19
yhhX,P46853,0.65
yhhZ,P46855,0.14
ugpC,P10907,0.2
ugpB,P0AG80,0.64
livK,P04816,0.79
livJ,P0AD96,0.96
ftsX,P0AC30,0.23
yhhT,P0AGM0,0.04
yhhI,P28912,0.63
yhhJ,P0AGH1,0.07
yhiL,P37629,0.37
yhiN,P37631,0.21
gor,P06715,0.67
mdtE,P37636,0.9
gadA,P69908,0.62
yhjA,P37197,0.21
yhjC,P37641,0.08
yhjD,P37642,0.14
yhjJ,P37648,0.83
bcsZ,P37651,0.06
bcsE,P37657,0.24
dppF,P37313,0.24
dppD,P0AAG0,0.19
tiaE,P37666,0.81
xylB,P09099,0.1
xylG,P37388,0.48
xylR,P0ACI3,0.29
avtA,P09053,0.47
yiaK,P37672,0.37
yiaO,P37676,0.2
lyxK,P37677,0.15
yiaU,P37682,0.31
yiaV,P37683,0.23
yiaY,P37686,0.7
yibH,P0AFV0,0.24
mtlD,P09424,0.6
lldD,P33232,0.04
gpsA,P0A6S7,0.99
gpmI,P37689,1.04
envC,P37690,0.11
yibD,P11290,0.1
tdh,P07913,0.5
kbl,P0AB77,0.38
rfaF,P37692,0.25
rfaJ,P27129,0.35
rfaI,P27128,0.42
rfaB,P27127,0.41
rfaG,P25740,0.3
rfaQ,P25742,0.33
kdtA,P0AC75,0.15
yicE,P0AGM9,0.09
uhpB,P09835,0.19
yidJ,P31447,0.23
cbrA,P31456,0.35
recF,P0A7H0,0.06
dnaN,P0A988,0.16
dnaA,P03004,0.38
trmE,P25522,0.9
tnaA,P0A853,0.11
bglB,P11988,0.19
pstS,P0AG82,0.8
glmU,P0ACC7,0.95
atpD,P0ABB4,0.78
atpA,P0ABB0,0.61
asnA,P00963,0.9
yieM,P0ADN0,0.31
yieN,P31473,0.27
rbsA,P04983,0.49
rbsR,P0ACQ0,0.33
yifB,P22787,0.2
ilvA,P04968,0.48
ilvC,P05793,0.97
gpp,P25552,0.51
wzzE,P0AG00,0.2
rffE,P27828,0.76
rffD,P27829,0.82
rffG,P27830,0.41
rffA,P27833,0.19
yifK,P27837,0.31
aslB,P25550,0.15
hemY,P0ACB7,0.19
pldB,P07000,0.36
rmuC,P0AG71,0.16
ubiD,P0AAB4,0.37
fadA,P21151,0.1
pepQ,P21165,0.15
yihE,P0C0K3,0.09
yihF,P32128,0.83
hemN,P32131,0.74
glnG,P0AFB8,0.82
glnL,P0AFB5,0.89
glnA,P0A9C5,0.42
yihM,P32134,0.79
yihS,P32140,0.18
yiiD,P0ADQ2,0.54
yiiG,P32151,1.07
frvX,P32153,0.95
rhaA,P32170,0.31
rhaB,P32171,0.04
cpxA,P0AE82,0.17
sbp,P0AG78,0.7
glpX,P0A9C9,0.69
glpK,P0A6F3,0.22
hslU,P0A6H5,0.74
cytR,P0ACN7,0.39
metB,P00935,0.45
gldA,P0A9S5,1.04
argE,P23908,0.42
argC,P11446,0.31
sthA,P27306,0.23
trmA,P23003,0.42
tufB,P0CE48,0.87
hemE,P29680,0.11
zraR,P14375,0.69
purD,P15640,0.89
aceA,P0A9G6,0.43
malE,P0AEX9,0.96
malK,P68187,0.19
lamB,P02943,0.55
yjbI,P32690,0.26
dinF,P28303,0.1
dnaB,P0ACB0,0.81
alr,P0A6B4,0.46
tyrB,P04693,0.38
nrfA,P0ABK9,0.25
gltP,P21345,0.19
yjcP,P32714,0.12
alsA,P32721,0.18
phnM,P16689,0.1
phnI,P16687,0.11
basS,P30844,0.2
melA,P06720,0.21
lysU,P0A8N5,0.59
aspA,P0AC38,0.87
yjeK,P39280,0.09
ampC,P00811,0.26
poxA,P0A8N7,0.66
psd,P0A8K1,0.33
yjeF,P31806,0.53
yjeS,P39288,0.14
amiB,P26365,0.31
hflX,P25519,0.53
hflK,P0ABC7,0.2
hflC,P0ABC3,0.47
purA,P0A7D4,0.41
yjfC,P33222,0.14
ulaG,P39300,0.37
ytfL,P0AE45,0.48
ytfR,Q6BEX0,0.25
fbp,P0A993,0.62
mpl,P37773,0.41
pmbA,P0AFK0,0.16
treB,P36672,0.04
argI,P04391,0.43
pepA,P68767,0.58
yjgP,P0AF98,0.14
yjgQ,P0ADC6,0.09
yjgR,P39342,0.87
idnR,P39343,0.07
idnD,P39346,0.24
yjgB,P27250,0.53
intB,P39347,0.09
sgcX,P39366,0.29
yjhR,P39369,0.34
yjhS,P39370,0.2
yjhT,P39371,0.76
uxuA,P24215,0.83
uxuB,P39160,0.53
yjiK,P39382,0.31
yjiM,P39384,0.44
yjiR,P39389,0.07
mcrC,P15006,0.17
mcrB,P15005,0.43
hsdS,P05719,0.51
hsdM,P08957,1.22
yjjN,P39400,0.93
rsmC,P39406,0.43
prfC,P0A7I4,0.23
yjjU,P39407,0.07
yjjI,P37342,0.42
deoA,P07650,0.13
deoB,P0A6K6,1.01
yjjJ,P39410,0.08
lplA,P32099,0.37
serB,P0AGB0,0.36
radA,P24554,0.29
nadR,P27278,0.39
creC,P08401,0.16
creD,P08369,0.28
agaA,P42906,0.08
kbaY,P0AB74,0.14
agaC,P42910,0.02
agaD,P42911,0.05
agaI,P42912,0.82
yraI,P42914,0.56
yraO,P66817,0.7
yraP,P64596,0.96
yraR,P45469,0.12
yhbO,P45470,1.14
yhbS,P63417,0.89
yhbT,P64599,0.89
yhbV,P45475,0.19
nlpI,P0AFB1,0.56
truB,P60340,0.76
folP,P0AC13,0.24
rrmJ,P0C0R7,0.16
yrbC,P0ADV7,0.62
yrbD,P64604,0.6
yrbF,P63386,0.23
kdsC,P0ABZ4,0.9
yrbK,P0ADV9,0.51
yhbN,P0ADV1,0.23
yhbG,P0A9V1,0.19
ptsN,P69829,0.83
yhbJ,P0A894,0.39
mtgA,P46022,0.11
elbB,P0ABU5,0.86
yhcC,P0ADW6,0.11
gltF,P28721,0.96
yhcA,P28722,0.27
yhcF,P45422,0.07
nanE,P0A761,0.88
nanA,P0A6L4,0.16
nanR,P0A8W0,1.06
sspA,P0ACA3,0.51
prmA,P0A8T1,0.83
dusB,P0ABT5,0.16
yhdJ,P28638,0.2
envR,P0ACT2,0.44
yhdW,B7LHX7,0.9
yhdZ,P45769,0.11
yrdA,P0A9W9,0.56
aroE,P15770,0.35
yrdC,P45748,0.7
def,P0A6K3,0.67
fmt,P23882,0.9
rpsC,P0A7V3,0.75
rplB,P60422,1.0
gspC,P45757,0.27
gspH,P41443,0.73
rpsG,P02359,0.94
fic,P20605,0.09
ppiA,P0AFL3,0.74
frlD,P45543,0.67
frlR,P45544,0.53
php,P45548,0.34
gph,P32662,0.9
yrfC,P64634,0.22
nudE,P45799,0.63
yrfG,P64636,0.53
hslO,P0A6Y5,0.89
ompR,P0AA16,0.87
yhgA,P31667,0.28
gntX,P46846,0.72
bioH,P13001,0.64
rtcA,P46849,0.45
glpR,P0ACL0,0.22
yhgN,P67143,0.37
yhhW,P46852,0.88
yhhY,P46854,0.68
ugpQ,P10908,0.6
ugpE,P10906,0.28
livF,P22731,0.15
livG,P0A9S7,0.12
rpoH,P0AGB3,0.94
ftsE,P0A9R7,0.12
yhhF,P0ADX9,0.75
dcrB,P0AEE1,1.0
acpT,P37623,0.14
nikD,P33593,0.45
nikE,P33594,0.42
yhiQ,P68567,0.43
yhiR,P37634,0.13
yhiS,P37635,0.2
ygfJ,Q46810,0.2
yhiF,P37195,0.45
yhiD,P0AFV2,0.29
gadW,P63201,0.05
gadX,P37639,0.31
yhjB,P37640,0.25
yhjH,P37646,0.07
dppC,P0AEG1,0.04
yhjY,P37663,0.09
tag,P05100,0.63
yiaD,P37665,0.64
yiaF,P0ADK0,0.67
glyQ,P00960,0.59
bax,P27297,0.6
yiaJ,P37671,0.9
sgbH,P37678,0.41
sgbU,P37679,0.69
sgbE,P37680,0.32
yiaT,P37681,0.22
yibF,P0ACA1,0.71
yibJ,P32109,0.71
lldR,P0ACL7,0.07
cysE,P0A9D4,0.73
yibQ,P37691,0.15
htrL,P25666,0.5
rfaD,P67910,0.26
rfaC,P24173,0.52
rfaZ,P27241,0.25
rfaY,P27240,0.49
rfaS,P27126,0.4
rfaP,P25741,0.34
mutM,P05523,0.53
yicR,P25531,0.28
ttk,P0C093,0.9
pyrE,P0A7E3,0.72
rph,P0CG19,0.62
yicC,P23839,0.36
gmk,P60546,1.15
trmH,P0AGJ2,0.23
nlpA,P04846,0.77
uhpA,P0AGA6,0.73
yidF,P31443,0.22
yidL,P31449,0.26
glvG,P31450,0.3
glvB,P69789,0.34
yidP,P31453,0.05
dgoK,P31459,0.07
yidX,P0ADM6,0.54
yidA,P0A8Y5,0.48
yidZ,P31463,0.05
yieE,P0ADM8,0.08
yieF,P0AGE6,0.86
yieH,P31467,0.23
cbrC,P31469,0.77
yieK,P31470,0.26
bglG,P11989,0.49
phoU,P0A9K7,0.94
pstB,P0AAH0,0.24
atpG,P0ABA6,0.49
atpH,P0ABA4,0.89
atpB,P0AB98,0.07
rbsC,P0AGI1,0.18
rbsB,P02925,0.94
rbsK,P0A9J6,0.88
yieP,P31475,0.55
hdfR,P0A8R9,0.06
ilvE,P0AB80,0.31
ilvY,P05827,0.24
rffH,P61887,0.18
rffC,P27832,0.13
yehD,P33343,0.96
rffM,P27836,0.36
hemD,P09126,0.22
dapF,P0A6K1,0.17
yigA,P23305,0.18
xerC,P0A8P6,0.77
yigB,P0ADP0,0.11
corA,P0ABI4,0.66
yigI,P0ADP2,0.1
pldA,P0A921,0.1
metR,P0A9F9,0.63
udp,P12758,0.81
ubiE,P0A887,0.33
tatC,P69423,0.66
rfaH,P0AFW0,0.44
fre,P0AEN1,0.88
yigZ,P27862,0.66
hemG,P0ACB4,0.75
mobB,P32125,0.98
dsbA,P0AEG4,0.72
yihG,P32129,0.15
yihI,P0A8H6,1.09
ompL,P76773,0.06
yihR,P32139,0.19
yihT,P32141,0.71
yihU,P0A9V8,0.14
yihV,P32143,0.57
yihW,P32144,0.47
fdhE,P13024,0.82
fdoI,P0AEL0,0.17
fdoH,P0AAJ5,0.78
fdhD,P32177,0.22
rhaD,P32169,0.44
rhaS,P09377,0.22
yiiM,P32157,0.89
cpxR,P0AE88,1.19
pfkA,P0A796,0.77
cdh,P06282,0.55
tpiA,P0A858,0.97
fpr,P28861,0.17
menA,P32166,0.14
ftsN,P29131,0.24
yiiX,P32167,0.27
metF,P0AEZ1,0.26
yijF,P32668,0.15
fsaB,P32669,0.47
pflC,P32675,0.22
yijO,P32677,0.23
argB,P0A6C8,0.81
oxyR,P0ACQ4,0.17
fabR,P0ACU5,0.08
birA,P06709,0.38
coaA,P0A6I3,0.4
nusG,P0AFG0,0.73
rplJ,P0A7J3,0.75
thiG,P30139,0.21
thiF,P30138,0.46
thiE,P30137,0.1
nfi,P68739,0.23
yjaG,P32680,0.77
yjaH,P32681,0.25
metA,P07623,0.37
iclR,P16528,0.21
ubiC,P26602,0.66
lexA,P0A7C2,0.97
zur,P0AC51,1.04
ssb,P0AGE0,0.81
nrfB,P0ABL1,0.16
nrfC,P0AAK7,0.23
nrfG,P32712,0.65
yjcO,P0AF56,0.83
alsK,P32718,0.31
alsE,P32719,0.76
alsB,P39265,0.53
rpiR,P0ACS7,0.39
phnN,P16690,0.04
phnL,P16679,0.08
phnK,P16678,0.07
phnJ,P16688,0.08
phnH,P16686,0.49
phnF,P16684,0.29
phnE,P0DP69,0.08
phnC,P16677,0.11
yjcZ,P39267,0.07
basR,P30843,0.92
adiY,P33234,0.21
melR,P0ACH8,0.16
yjdF,P39270,0.03
dcuR,P0AD01,0.63
yjdC,P0ACU7,1.0
yjeJ,P39279,0.98
efp,P0A6N4,1.09
blc,P0A901,0.52
frdB,P0AC47,0.91
orn,P0A784,1.04
miaA,P16384,0.23
rlmB,P63177,0.93
yjfJ,P0AF78,1.07
yjfK,P39293,0.72
yjfM,P39295,1.05
yjfP,P39298,0.4
ulaR,P0A9W0,0.13
ulaE,P39305,0.42
ulaF,P39306,0.08
yjfZ,P39308,0.14
ytfB,P39310,0.58
ytfE,P69506,1.04
ytfG,P39315,1.06
cysQ,P22255,0.84
ytfI,P39317,0.14
ytfJ,P39187,0.18
msrA,P0A744,0.85
ppa,P0A7A9,0.93
ytfQ,P39325,0.9
yjgA,P0A8X0,0.82
treR,P36673,0.32
pyrB,P0A786,0.79
yjgI,P39333,0.92
yjgJ,P39334,0.39
idnO,P0A9P9,0.48
idnK,P39208,0.9
fecE,P15031,0.05
fecD,P15029,0.04
fecB,P15028,0.09
fecI,P23484,0.16
yjhH,P39359,0.08
yjhI,P39360,0.08
sgcR,P39361,0.11
sgcE,P39362,0.05
sgcQ,P39364,0.08
yjhP,P39367,0.15
yjhA,P69856,0.09
fimE,P0ADH7,0.13
fimI,P39264,0.38
fimG,P08190,0.73
fimH,P08191,0.2
yjiC,P39374,0.25
yjiE,P39376,0.28
yjiH,P39379,0.17
kptA,P39380,0.97
yjiL,P39383,0.1
yjiQ,P0DP22,0.19
mrr,P24202,0.26
yjiA,P24203,0.9
yjjM,P39399,0.11
yjjA,P18390,1.0
dnaT,P0A8J2,0.46
yjjP,P0ADD5,0.16
yjjQ,P0ADD7,0.17
fhuF,P39405,0.29
yjjG,P0A8Y1,0.52
osmY,P0AFH8,1.09
yjjV,P39408,0.13
yjjW,P39409,0.58
deoC,P0A6L0,1.15
deoD,P0ABP8,1.09
ytjB,P0AGC7,0.63
yjjX,P39411,0.7
ytjC,P0A7A2,0.56
rob,P0ACI0,0.13
creB,P08368,0.86
arcA,P0A9Q1,0.9
yjtD,P37005,0.29
agaV,P42904,0.77
agaW,P42905,0.1
agaB,P42909,0.8
yraN,P45465,0.97
yhbP,P67762,0.86
yhbQ,P45472,1.12
rpsO,P0ADZ4,1.29
rbfA,P0A7G2,0.68
yhbC,P0A8A8,1.11
secG,P0AG99,0.49
yhbY,P0AGK4,0.87
greA,P0A6W5,0.87
rpmA,P0A7L8,0.34
rplU,P0AG48,0.56
yhbH,P0AFX0,0.89
npr,P0A9N0,0.78
yhcH,P45424,0.87
rpsI,P0A7X3,1.13
rplM,P0AA10,0.76
yhcB,P0ADW3,0.83
argR,P0A6D0,0.91
yhcO,P64616,0.76
aaeX,P46478,0.34
accB,P0ABD8,0.95
yhdT,P45566,0.43
fis,P0A6R3,1.1
yhdU,P64619,0.82
yhdV,P64622,0.3
yrdB,P45795,1.02
smg,P0A828,1.01
mscL,P0A742,0.67
yhdL,P36675,1.36
zntR,P0ACS5,0.71
rplQ,P0AG44,0.77
rpsK,P0A7R9,0.81
rpsM,P0A7S9,0.99
rplO,P02413,0.64
rpmD,P0AG51,1.01
rpsH,P0A7W7,0.86
rpsN,P0AG59,1.12
rplX,P60624,1.12
rplN,P0ADY3,0.71
rpsQ,P0AG63,0.83
rplP,P0ADY7,0.9
rplV,P61175,0.82
rpsS,P0A7U3,0.91
rplW,P0ADZ0,0.7
gspG,P41442,0.47
gspI,P45760,0.61
bfr,P0ABD3,0.96
rpsL,P0A7S3,0.84
yhfA,P0ADX1,0.99
nirD,P0A9I8,0.92
yhfU,P64631,0.9
yrfB,P45751,0.2
hslR,P0ACG8,1.03
greB,P30128,1.17
yzgL,P76692,0.3
yrhA,P46856,0.38
yhhA,P0ADX7,1.08
yhhK,P37613,1.19
yhhL,P37614,0.47
yhhM,P37615,0.75
yhhP,P0A890,0.97
nikR,P0A6Z6,0.8
yhhH,P28911,0.52
yhiO,P0A8S5,0.58
uspA,P0AED0,0.8
arsR,P37309,0.29
arsC,P0AB96,0.92
hdeB,P0AET2,0.63
hdeA,P0AES9,1.08
bcsF,P0ADJ5,0.68
yiaC,P37664,0.22
yiaG,P0A9V5,0.92
cspA,P0A9X9,0.92
hokA,P37305,1.1
ysaB,Q2M7M3,0.36
yiaA,P0ADJ8,0.59
yiaB,P11286,0.38
yiaI,P56256,0.37
yiaL,P37673,0.07
yiaM,P37674,0.14
yiaW,P0ADK4,0.21
yibG,P32106,0.19
yibI,P32108,0.33
yibT,Q2M7R5,0.77
yibK,P0AGJ7,0.64
secB,P0AG86,0.89
grxC,P0AC62,0.8
yibN,P0AG27,0.48
coaD,P0A6I6,0.94
rpmB,P0A7M2,0.55
dut,P06968,0.97
rpoZ,P0A800,0.82
yicN,P0ADL3,0.24
ilvN,P0ADF8,0.99
yidG,P0ADL6,0.21
yidH,P0ADM0,0.2
yidI,P31446,0.28
ibpB,P0C058,1.28
yidQ,P0ADM4,1.14
dgoR,P31460,1.29
yidB,P09996,0.75
rpmH,P0A7P5,0.9
rnpA,P0A7Y8,0.96
yieI,P31468,0.26
atpC,P0A6E6,1.2
atpF,P0ABA0,0.2
atpE,P68699,0.56
atpI,P0ABC0,0.35
asnC,P0ACI6,0.82
rbsD,P04982,0.93
ilvM,P0ADG1,0.58
ppiC,P0A9L5,0.86
trxA,P0AA25,0.89
cyaY,P27838,1.13
yigF,P27842,0.26
yihD,P0ADP9,1.09
dtd,P0A6M4,0.38
frvA,P32155,0.69
yiiL,P32156,0.94
cpxP,P0AE85,1.05
yiiR,P0AF34,0.5
yiiS,P32162,1.03
yiiT,P0AAB8,0.97
yiiU,P0AF36,0.82
rpmE,P0A7M9,0.66
metJ,P0A8U6,0.89
frwB,P69816,0.88
frwD,P32676,0.44
yijD,P0AF40,0.22
secE,P0AG96,0.08
rplK,P0A7J7,1.05
rplL,P0A7K2,0.99
rsd,P0AFX4,0.93
hupA,P0ACF0,0.96
yjaA,P09162,0.78
yjaB,P09163,0.87
dgkA,P0ABN1,0.31
yjbJ,P68206,0.83
yjbL,P32693,0.34
yjbQ,P0AF48,0.53
yjbR,P0AF50,1.06
yjcB,P32700,0.46
soxS,P0A9E2,0.49
soxR,P0ACS2,0.82
yjcH,P0AF54,0.54
nrfF,P32711,0.2
rpiB,P37351,0.4
phnO,P16691,0.66
phnG,P16685,0.27
phnE,P0DP70,0.18
phnB,P16681,0.81
phnA,P0AFJ1,1.02
yjdI,P0AF59,0.8
yjdJ,P39274,0.84
fxsA,P37147,0.26
groS,P0A6F9,0.86
yjeI,P0AF70,0.88
frdD,P0A8Q3,0.07
frdC,P0A8Q0,0.09
yjeN,P39283,0.86
yjeO,P39284,0.57
yjeE,P0AF67,0.78
hfq,P0A6X3,0.76
yjeT,P0AF73,0.2
yjeB,P0AF63,0.81
yjfI,P0AF76,0.76
yjfL,P0AF80,0.19
yjfN,P0AF82,1.04
yjfO,P39297,0.47
ulaB,P69822,0.53
ulaC,P69820,0.84
yjfY,P0AF86,0.94
rpsF,P02358,0.98
priB,P07013,0.72
rpsR,P0A7T7,0.64
rplI,P0A7R1,0.84
ytfA,P39309,0.26
ytfH,P0ACN2,0.86
ytfK,P0ADE2,0.78
ytfP,P0AE48,0.98
chpB,P33647,0.94
nrdG,P0A9N8,0.69
yjgF,P0AF93,0.76
